ID,"url"
905946689705562112,"https://www.linkedin.com/groups/8344556/8344556-6153122980688904195"
905943780884443137,"https://twitter.com/i/web/status/905943780884443137"
905929089944621056,"https://twitter.com/i/web/status/905929089944621056"
905928678151991297,"https://buff.ly/2wdz5WD"
905923057012879360,"https://github.com/johnymontana/neovis.js"
905914807378960384,"http://tinyurl.com/y7uatty5"
905913576841519105,"https://buff.ly/2vAkKnC"
905906477407371266,"https://stackoverflow.com/questions/46105341/where-is-neo4j-3-2-3-installed-in-mac"
905900553460473859,"http://ift.tt/2xSGbB0"
905899578368684032,"http://ift.tt/2xTjDAa"
905896366035087360,"https://stackoverflow.com/questions/46104864/i-like-to-return-the-json-format-from-neo4j-list-in-scala"
905891224292392960,"https://www.feststelltaste.de/java-type-dependency-analysis/"
905891071493857280,"http://bit.ly/2i3in9v"
905890936659427328,"https://twitter.com/i/web/status/905890936659427328"
905885810767093760,"https://youtu.be/55uB_t0RKTE"
905883581997883401,"https://buff.ly/2gHhqzO"
905877250888925184,"https://twitter.com/i/web/status/905877250888925184"
905873224558370817,"https://twitter.com/i/web/status/905873224558370817"
905872040053407745,"https://youtu.be/55uB_t0RKTE"
905872040053407745,"https://www.slideshare.net/jexp/practical-graph-algorithms-with-neo4j"
905870804570787840,"http://bit.ly/2wmd7DW"
905864286240743424,"https://buff.ly/2j5jdDj"
905864286240743424,"https://twitter.com/i/web/status/905864286240743424"
905858020407685120,"https://twitter.com/i/web/status/905858020407685120"
905856771213762562,"http://matrix.wikia.com/wiki/Switch"
905852711597375488,"https://twitter.com/i/web/status/905852711597375488"
905847410638942209,"http://www.pentaho.com/marketplace/"
905845458274328577,"http://youtu.be/55uB_t0RKTE?a"
905838416557993986,"https://twitter.com/i/web/status/905838416557993986"
905836107111084032,"https://twitter.com/i/web/status/905836107111084032"
905825856609820673,"https://www.linkedin.com/groups/8344556/8344556-6153122980688904195?btz70=1611092807"
905824986329317379,"http://www.decideo.fr/La-NASA-utilise-Neo4j-pour-exploiter-sa-base-de-donnees-de-retours-d-experiences_a9547.html"
905824211591147522,"https://www.meetup.com/de-DE/preview/Neo4j-Online-Meetup/events/242821512"
905823425507323904,"https://buff.ly/2eUf1BE"
905823162268602368,"https://youtu.be/55uB_t0RKTE"
905822652811558912,"https://twitter.com/i/web/status/905822652811558912"
905821305433444352,"https://twitter.com/Pentaho/status/905815568787361792"
905817194801627137,"https://twitter.com/i/web/status/905815568787361792"
905816888999116801,"https://buff.ly/2wLrPlB"
905816727753195520,"https://buff.ly/2vOrOjI"
905816727753195520,"https://twitter.com/i/web/status/905816727753195520"
905815568787361792,"https://twitter.com/i/web/status/905815568787361792"
905808662295445504,"https://hubs.ly/H08z9H80"
905808452219539458,"https://buff.ly/2eOaioy"
905808082504216577,"http://buff.ly/2h7tpdt"
905808082504216577,"https://twitter.com/i/web/status/905808082504216577"
905804368078807040,"https://goo.gl/bnqxi7"
905801001919184896,"https://twitter.com/Pentaho/status/905777858311802881"
